{"train/loss":0.2606106996536255,"_step":503,"_wandb":{"runtime":24},"val_BinaryAUROC":0.9367182850837708,"train_BinaryRecall":0.9375,"train_BinaryAveragePrecision":0.9634098410606384,"val_BinaryPrecision":0.8421052694320679,"val_BinaryAveragePrecision":0.9404960870742798,"train_BinaryPrecision":0.8823529481887817,"val_BinaryAccuracy":0.851190447807312,"train_BinaryAccuracy":0.90625,"trainer/global_step":491,"_timestamp":1.756202827424734e+09,"val_BinaryRecall":0.8622754216194153,"train_BinaryAUROC":0.96484375,"_runtime":24,"epoch":11,"val/loss":0.33167049288749695}