{"_runtime": 26, "train_BinaryAveragePrecision": 0.9634098410606384, "train_BinaryAUROC": 0.96484375, "_timestamp": 1756202185.7647734, "train/loss": 0.2606106996536255, "train_BinaryAccuracy": 0.90625, "train_BinaryPrecision": 0.8823529481887817, "epoch": 11, "trainer/global_step": 491, "_step": 503, "train_BinaryRecall": 0.9375, "val_BinaryAveragePrecision": 0.9404960870742798, "val_BinaryAUROC": 0.9367182850837708, "val/loss": 0.33167049288749695, "val_BinaryAccuracy": 0.851190447807312, "val_BinaryPrecision": 0.8421052694320679, "val_BinaryRecall": 0.8622754216194153}